path	canonical_main_blob	local_reused_source_blob
backend.ipkg	8e6ab0f0cf7e2e4ae8b860bedebd48fc9608b5ab	8e6ab0f0cf7e2e4ae8b860bedebd48fc9608b5ab
src/Backend/DEX/Codegen.idr	0a29f47e7e07dc93bc8ba2ec7b92134f9d0cfb67	0a29f47e7e07dc93bc8ba2ec7b92134f9d0cfb67
src/Backend/DEX/Encode.idr	68ad2a4f14ce4f7bf13f056d1295ce6680e88ae0	68ad2a4f14ce4f7bf13f056d1295ce6680e88ae0
src/Backend/DEX/Hash.idr	0473a66a6b0e831dd494580f0be1aec2deb8701d	0473a66a6b0e831dd494580f0be1aec2deb8701d
src/Backend/DEX/IR.idr	4dcac113a706859188ef6edfa207be956116d3f7	4dcac113a706859188ef6edfa207be956116d3f7
src/Backend/DEX/Lower.idr	1a58d45951b80169367972d41cdd7a917171f032	1a58d45951b80169367972d41cdd7a917171f032
src/Backend/DEX/Main.idr	58eacb7f423e500a30c6f233bec17905569bbf0e	58eacb7f423e500a30c6f233bec17905569bbf0e
src/Backend/DEX/Smali.idr	4f559a1a561d7600a11927d88b3634cb3369ec08	4f559a1a561d7600a11927d88b3634cb3369ec08

