operation	mathematical definition and types	convention	implementation owner and parser	UI route	existing tests	independent oracle	exhaustive/property range	status	smallest counterexample
DisplayPartition	Partition → Ferrers diagram; size is number of cells	English/French display; 1-based cells	partition.c; partition_parse	λ field; editable top diagram and size	H,O	Ferrers cell set	partitions ≤10; boundary shapes	PASS — independently verified	—
ConjugatePartition	Partition → partition with rows equal to column lengths	Ordinary transpose	partition.c; partition_parse	Internal dispatch; section 0 conjugate text	H,O	Count cells per column	partitions ≤10	PASS — independently verified	—
ListCells	Partition → all occupied Cell values	Row-major, 1-based	partition.c; partition_parse	Internal dispatch; section 0 cell list	H,O	Ferrers cell set	partitions ≤10	PASS — independently verified	—
DisplayTableau	Tableau → labelled diagram	Integer entries; chosen kind	tableau.c; tableau_parse/check_kind	P input field; current-tableau mirrors; internal dispatch text	H,O	Direct shape and entry comparison	all 1..3 fillings ≤5; public fixture	PASS — independently verified	—
ValidateTableau	Tableau → validity Bool	Five ordinary kinds; increasing/decreasing	tableau.c; check_kind/validate	Internal refresh from P edits; shape and kind diagnostics	H,O	Direct inequalities and alphabet set	all 1..3 fillings ≤5, both directions/all kinds	PASS — independently verified	—
StandardizeTableau	Tableau → rank-labelled standard tableau	Equal entries ranked by increasing column then row	tableau.c; tableau_parse	Internal dispatch, section 1 and tableau projection	H,O	Sort independent labelled cells	semistandard fillings over 1..3, size ≤5	PASS — independently verified	—
InsertLetter	(Tableau,Entry) → inserted tableau	Row insertion, first strictly greater	tableau.c; tableau_parse/integer_field	Internal dispatch using tableau/entry; new cell and result projection	H,O	Python row insertion	all ternary words ≤6, every prefix; direct dispatch fixture	PASS — independently verified	—
ReverseInsert	(Tableau,Cell) → tableau and displayed ejected entry	Rightmost strictly smaller in preceding row	tableau.c; selected_cell	Internal dispatch tableau/selected-cell; result projection	H,O	Insertion prefix/ejected-letter reconstruction	every ternary word prefix ≤6	FAIL — UI/wiring/validation	C6; computation passes, selected-cell parser wraps
TransposeTableau	Tableau → tableau with exchanged coordinates	May exchange row/column conditions	tableau.c; tableau_parse	Internal dispatch, section 1 and projection	H,O	Swap cell coordinates	all ternary fillings ≤5	PASS — independently verified	—
ComputeHookLengths	Partition → (Cell,hook) list	Cell itself + right arm + lower leg	partition.c; partition_parse	Top hook-number diagram; internal dispatch refresh	H,O	Count hook cells	every cell of partitions ≤10	PASS — independently verified	—
ComputeHookProduct	Partition → product of hooks	Exact uint64 or overflow	partition.c; partition_parse	Top hook product text	H,O	Direct hook-cell products	partitions ≤10; row64 overflow	PASS — independently verified	—
CountStandardTableaux	Partition → number of SYT	n! divided by hook product	partition.c; partition_parse	Top count text	H,C,O	Independent SYT enumeration	partitions ≤10; overflow and long row	PASS — independently verified	—
FindCorners	Partition → removable corner cells	Outer removable corners	partition.c; partition_parse	Internal section 2 dispatch returns unrelated hook text	H,O	Delete one cell and test Ferrers set	partitions ≤10	FAIL — UI/wiring/validation	C1: λ=1 omits (1,1)
FindAddableCells	Partition → addable cells	One-box Ferrers extension	partition.c; partition_parse	Internal section 2 dispatch; direct diagram + controls separately	H,O	Add one cell and test Ferrers set	partitions ≤10	FAIL — UI/wiring/validation	C2: λ=[] omits (1,1)
FindRemovableCells	Partition → removable cells	Same mathematical set as FindCorners	partition.c; partition_parse	Internal section 2 dispatch; direct − controls separately	H,O	Delete one cell and test Ferrers set	partitions ≤10	FAIL — UI/wiring/validation	C3: λ=1 omits (1,1)
AddCell	(Partition,Cell) → enlarged partition	Legal outer addable cell only	partition.c; selected_cell	Internal selected-cell dispatch; direct diagram addition uses separate checked route	H,O	Cell-set union	every legal addition for partitions ≤10	FAIL — UI/wiring/validation	C4: [] and row 4294967297 treated as row1
RemoveCell	(Partition,Cell) → smaller partition	Legal removable cell only	partition.c; selected_cell	Internal selected-cell dispatch; direct diagram removal separate	H,O	Cell-set difference	every legal removal for partitions ≤10	FAIL — UI/wiring/validation	C5: (1) and row4294967297 treated as row1
RSKPermutation	Permutation → standard (P,Q) of equal shape	1..n one-line, strict bump	rsk.c → tableau.c; permutation_parse	Permutation field/button, P/Q text/diagrams, step controls	H,C,O	Independent insertion; bijection, inverse and symmetry	all permutations n≤7; n=64 boundaries	PASS — independently verified	—
RSKWord	Word → semistandard P, standard Q	Positive letters; weak rows/strict columns	rsk.c → tableau.c; word_parse	Word field/button and shared step controls	H,O	Independent insertion, weak LIS/strict LDS	all ternary words length≤6	PASS — independently verified	—
RSKBiword	Biword → semistandard P,Q	Lexicographically sorted top/bottom pairs	rsk.c; biword_parse	Top;bottom field/button and stepping	H,O	Independent paired insertion/recording	all biletter multisets from 81 2×2 matrices	PASS — independently verified	—
RSKMatrix	NatMatrix → semistandard P,Q	Row index records; column index inserted	rsk.c; nat_matrix_parse	Matrix field/button and stepping	H,O	Direct expansion; transpose exchanges P,Q	every 2×2 matrix entries 0..2	PASS — independently verified	—
InverseRSK	Standard equal-shape (P,Q) → permutation	Remove largest Q label first	combinatorics.c → tableau.c; two checked tableau parses	P/Q fields; inverse button/list	C,O	Independent forward pairs and original permutation	all permutations n≤7	PASS — independently verified	—
JeuDeTaquinSlide	(SkewTableau,Cell) → slid skew tableau	Removable inner corner; ties take below	jeu_de_taquin.c; three shape/filling parses and selected_cell	λ/μ/skew/cell; Slide/STEP plus before/after projections	H,O	Dictionary hole movement	outer≤5; ternary semistandard and all standard fillings; every legal corner	FAIL — UI/wiring/validation	C8: row4294967297 accepted as row1; mathematics passes
Rectify	SkewTableau → straight rectification	Any legal inner-corner order	jeu_de_taquin.c; console parser, native validator	λ/μ/skew; Rectify button/projection	H,O	All legal slide orders	same skew enumeration, all orders	FAIL — UI/wiring/validation	C7: native outer(1,2) accepted; console rejects it
Promote	StandardTableau → promotion	Delete1, slide, decrement, put n at exit	combinatorics.c → jeu; checked standard input	P field, Promotion button/text	C,O	Separate dictionary-slide definition	all SYT n≤7	PASS — independently verified	—
Evacuate	StandardTableau → evacuation	Repeated deletion; descending exit labels	combinatorics.c → jeu; checked standard input	P field, Evacuation button/text	C,O	Independent deletion sequence	all SYT n≤7, exact values and involution	PASS — independently verified	—
LittlewoodRichardsonCoefficient	(λ,μ,ν) → count of LR fillings	ν/λ, content μ, top-down right-to-left lattice word	algebra.c; three partition parses	λ/μ/ν and coefficient button	C,O	Enumerate complete multiset fillings then filter	all size-compatible triples outer≤6; symmetry	PASS — independently verified	—
EnumerateLRTableaux	(λ,μ,ν) → all LR fillings	Same; at most32 retained	algebra.c; partition parses	Same fields, full list/text	C,O	Compare entire independent filling sets	same triples; uniqueness and counts	PASS — independently verified	—
MultiplySchurFunctions	(λ,μ) → expansion of sλsμ	Ordinary rational symmetric functions	algebra.c; partition parses	λ/μ; Schur product expression	C,O	Direct polynomial determinants plus brute LR	all pairs total≤6; polynomials total≤5	PASS — independently verified	—
CharacterValue	(λ,permutation) → χλ(permutation)	Ordinary complex Sn irreducible	algebra.c + cycle_type in combinatorics.c; parses	λ/permutation; character text	C,O	Alternating permutation-module character sum	complete S0–S8 tables; both orthogonalities	PASS — independently verified	—
RepresentationDimension	Partition → Specht dimension	Characteristic zero	partition.c; partition_parse	λ; dimension button/text	H,C,O	Independent SYT enumeration	all partitions≤10	PASS — independently verified	—
ChangeBasis	(finite rational sum,destination) → equivalent sum	Schur,p,m,h,e; degree≤8	algebra.c; symmetric_parse/integer_field	Function field, destination code, expression	C,O	Direct polynomials then independent power algebra	all basis elements→all bases degree0–8; mixed rational sums	PASS — independently verified	—
Specialize	(finite sum,integer alphabet) → rational value	Finite alphabet, zero/negative/repeated allowed	algebra.c; symmetric_parse/integer list	Function/alphabet fields; numerator÷denominator	C,O	Independent polynomial evaluation; Weyl product	all bases degree≤5; all Schur degree8 at1^8; empty/negative alphabets	PASS — independently verified	—
Plethysm	(outer,inner) → outer∘inner	p_k substitutes x→x^k and fixes rational coefficients	algebra.c; two symmetric parses	Function/inner-function fields; Schur expression	C,O	Independent exact Adams substitutions	all singleton pairs of all bases degree product≤8; zero/constants/mixed sums	PASS — independently verified	—
BranchUp	Partition → immediate Young-graph successors	Add one box	combinatorics.c → partition.c; parse	λ; successor list	C,O	Independent cell-set adjacency	all partitions≤7	PASS — independently verified	—
BranchDown	Partition → immediate predecessors	Remove one box	combinatorics.c → partition.c; parse	λ; predecessor list	C,O	Independent cell-set adjacency	all partitions≤7	PASS — independently verified	—
EnumerateYoungGraphPaths	(start,end) → all saturated paths	Includes both endpoints; ≤128 paths/16 edges	combinatorics.c; λ/ν parses	λ/ν; complete paths or explicit limit	C,O	Independent recursive cell-set paths	empty→every shape≤7, full path sets; over-cap error	PASS — independently verified	—
GenerateRandomPermutation	(n,RNGState) → permutation/state	Uniform Fisher–Yates with rejection draws	combinatorics.c; n/seed integer fields	n/seed/button; list; edits restart stream	C,O	Independent S4 support and uniform probabilities	24,000 fixed-seed samples; empty/size bounds	PASS — independently verified	—
GenerateRandomStandardTableau	(λ,RNGState) → SYT/state	Uniform via smaller-shape SYT weights	combinatorics.c; partition/seed parses	λ/seed/button; labelled result text	C,O	Independent complete SYT support/probabilities	24,000 samples of (3,2,1),16 objects	PASS — independently verified	—
SamplePlancherelPartition	(n,RNGState) → partition/state	Probability (fλ)^2/n!	combinatorics.c → random permutation/RSK; n/seed	n/seed/button; partition	C,O	Independent SYT counts give exact probabilities	24,000 size4 samples, all5 shapes	PASS — independently verified	—
ComputeLongestIncreasingSubsequence	Permutation → one longest increasing subsequence	Strict; returns values in original order	combinatorics.c; permutation_parse	Shared permutation field; result list	H,C,O	Independent quadratic DP + support check	every permutation n≤7; RSK row identity	PASS — independently verified	—
ComputeLongestDecreasingSubsequence	Permutation → one longest decreasing subsequence	Strict	combinatorics.c; permutation_parse	Shared permutation field; result list	C,O	Independent quadratic DP + support check	every permutation n≤7; RSK column identity	PASS — independently verified	—
CoxeterReducedWord	Permutation → one reduced adjacent-swap word	One-based positions; left-to-right on identity	combinatorics.c; permutation_parse	Shared permutation field; result list	C,O	Inversions/multiplication; complete reduced sets≤S5	every permutation≤S7; complete-set membership≤S5	PASS — independently verified	—
BruhatRelations	(permutation,permutation) → first≤second	Strong Bruhat, equal size	combinatorics.c; two permutation parses	Two permutation fields; YES/NO	C,O	Independent reduced-expression subword criterion	every pair S0–S5	PASS — independently verified	—
